Id,Predicted
2000,1
2001,1
2002,1
2003,2
2004,1
2005,1
2009,2
2011,1
2019,2
2020,1
2021,2
2022,2
2023,2
2024,1
2025,2
2026,2
2028,2
2030,2
2031,1
2032,1
2033,1
2034,2
2035,1
2036,1
2037,1
2041,2
2042,2
2044,2
2045,2
2046,1
2047,2
2048,1
2050,1
2052,2
2053,1
2055,1
2057,1
2058,2
2059,2
2061,1
2062,1
2064,2
2066,1
2067,1
2068,1
2069,2
2070,2
2072,1
2074,2
2075,1
2076,2
2079,2
2080,2
2081,1
2082,1
2083,1
2084,2
2085,2
2086,1
2087,1
2088,2
2089,1
2090,2
2091,1
2092,1
2093,2
2094,2
2095,2
2096,2
2097,1
2098,2
2099,2
2100,1
2102,1
2104,2
2105,2
2107,2
2108,1
2109,1
2110,1
2112,1
2114,2
2115,2
2116,2
2117,2
2118,1
2119,2
2120,2
2123,2
2124,1
2128,1
2129,2
2130,2
2132,2
2133,1
2135,2
2136,2
2137,1
2138,1
2139,1
2141,1
2142,1
2145,1
2146,1
2148,1
2149,2
2151,1
2152,1
2153,2
2154,1
2156,1
2157,1
2158,2
2159,2
2161,1
2162,2
2163,2
2164,2
2165,2
2166,2
2168,2
2170,2
2171,2
2173,1
2175,2
2178,1
2179,1
2183,2
2184,2
2185,2
2186,1
2187,1
2188,2
2189,2
2190,1
2191,1
2192,2
2193,1
2194,1
2195,2
2196,2
2197,1
2198,1
2199,1
2201,1
2204,2
2205,1
2206,2
2209,1
2212,1
2213,2
2215,1
2216,2
2217,1
2222,1
2223,1
2224,2
2225,2
2226,2
2228,2
2229,1
2231,2
2232,2
2233,2
2234,1
2235,1
2236,2
2237,2
2238,2
2239,2
2240,2
2241,2
2242,2
2243,1
2244,2
2246,2
2247,2
2248,1
2250,2
2252,2
2253,2
2254,2
2255,2
2258,1
2259,2
2260,1
2261,2
2262,2
2265,1
2267,1
2269,2
2271,2
2272,2
2273,1
2274,1
2276,2
2278,1
2279,2
2281,2
2282,2
2283,2
2284,2
2287,2
2288,2
2289,2
2290,1
2291,2
2292,2
2293,1
2295,2
2296,2
2299,2
2300,1
2301,2
2302,1
2303,1
2304,1
2305,2
2308,2
2310,1
2311,2
2312,1
2313,2
2314,1
2315,1
2316,2
2318,2
2319,1
2320,1
2321,2
2324,1
2325,2
2326,2
2327,1
2328,2
2330,1
2331,2
2333,1
2334,1
2335,1
2337,2
2338,1
2339,2
2341,2
2342,2
2344,2
2345,1
2346,1
2347,1
2348,2
2351,1
2353,2
2354,2
2355,1
2356,1
2357,1
2358,2
2359,1
2360,2
2361,1
2362,1
2364,2
2366,1
2368,2
2369,2
2370,2
2371,1
2372,2
2373,2
2374,2
2375,2
2376,2
2378,1
2379,2
2380,1
2381,2
2382,2
2385,1
2386,1
2391,2
2393,1
2397,1
2398,2
2399,2
2400,1
2402,2
2403,2
2405,1
2406,2
2410,1
2411,2
2412,2
2413,2
2414,2
2415,2
2416,2
2417,2
2418,1
2419,1
2420,2
2421,2
2422,1
2425,2
2427,2
2428,1
2429,2
2430,1
2432,1
2433,2
2435,2
2436,1
2438,2
2439,1
2441,1
2442,1
2445,2
2446,2
2447,2
2449,2
2450,1
2451,1
2452,1
2453,2
2454,2
2455,2
2457,1
2458,2
2459,2
2460,2
2461,2
2463,1
2464,2
2465,2
2467,2
2469,2
2470,1
2471,1
2474,2
2476,2
2478,2
2479,1
2480,1
2481,1
2482,1
2486,2
2487,1
2488,2
2489,1
2490,1
2491,2
2494,2
2495,2
2498,1
2502,1
2503,1
2504,1
2505,1
2506,2
2507,1
2510,1
2512,2
2513,2
2514,2
2515,2
2516,2
2517,1
2518,2
2520,1
2521,2
2522,2
2523,2
2525,1
2526,1
2527,1
2530,1
2531,2
2533,2
2534,1
2535,1
2536,1
2537,1
2539,2
2540,2
2541,2
2544,2
2546,2
2547,2
2548,1
2549,2
2550,2
2551,1
2552,1
2554,2
2556,1
2557,1
2559,2
2560,1
2561,1
2565,2
2566,2
2567,2
2568,2
2571,1
2572,1
2573,2
2574,2
2575,1
2576,2
2577,1
2578,1
2579,1
2581,1
2582,1
2583,2
2585,1
2586,1
2587,1
2591,1
2592,1
2593,2
2594,2
2595,2
2596,2
2597,2
2600,1
2601,1
2602,1
2603,1
2604,1
2605,2
2606,1
2607,2
2608,1
2610,2
2612,1
2613,2
2615,2
2616,2
2617,2
2621,1
2622,2
2624,1
2625,2
2626,2
2627,2
2628,2
2630,2
2631,2
2632,2
2635,2
2638,2
2639,2
2640,2
2641,2
2642,1
2643,1
2644,2
2645,2
2647,1
2649,2
2650,2
2652,2
2653,2
2654,2
2655,2
2656,1
2657,1
2658,2
2659,2
2660,1
2661,2
2662,1
2663,1
2664,2
2666,1
2668,2
2670,2
2672,1
2673,2
2674,1
2675,1
2679,2
2681,1
2683,1
2684,2
2685,1
2689,1
2690,2
2691,1
2692,2
2693,2
2694,2
2695,1
2696,1
2697,2
2698,1
2699,1
2701,2
2702,1
2703,1
2704,2
2706,2
2707,1
2709,1
2711,2
2712,1
2714,1
2715,2
2718,1
2719,2
2720,1
2721,2
2722,2
2724,2
2725,2
2727,2
2730,2
2731,1
2732,2
2734,1
2735,1
2736,2
2738,1
2739,2
2742,1
2743,2
2744,2
2745,2
2746,2
2747,2
2748,2
2749,1
2750,2
2752,2
2755,2
2756,1
2757,2
2758,1
2759,2
2760,1
2762,2
2765,2
2766,1
2767,1
2768,2
2769,2
2771,1
2772,2
2775,2
2777,1
2778,2
2779,2
2782,2
2783,2
2786,1
2787,2
2788,1
2789,1
2793,2
2794,2
2797,2
2798,2
2799,2
2800,1
2801,1
2802,2
2803,2
2804,2
2805,1
2806,2
2807,2
2808,2
2810,2
2812,2
2813,2
2814,1
2816,2
2817,1
2818,2
2819,2
2820,1
2821,2
2822,2
2824,1
2825,2
2832,1
2833,1
2835,2
2836,1
2838,2
2840,2
2842,2
2843,1
2844,2
2845,2
2847,2
2848,1
2849,2
2851,2
2852,2
2853,2
2854,2
2855,2
2857,2
2858,1
2859,1
2860,1
2861,2
2862,1
2863,2
2864,1
2865,1
2866,2
2867,2
2868,2
2869,1
2870,1
2872,2
2873,1
2874,1
2876,2
2877,2
2878,1
2879,1
2880,2
2881,2
2882,2
2883,1
2886,2
2887,2
2890,1
2891,2
2892,2
2893,2
2895,2
2896,1
2897,2
2898,2
2899,1
2901,2
2902,1
2903,1
2904,2
2905,2
2906,2
2909,2
2911,2
2914,1
2916,1
2917,1
2918,1
2919,1
2920,2
2921,1
2924,2
2926,1
2928,2
2930,2
2931,2
2932,1
2933,2
2935,1
2937,2
2938,2
2939,1
2940,2
2941,1
2942,2
2943,1
2945,2
2947,1
2949,1
2950,2
2952,1
2953,2
2954,1
2957,2
2959,2
2960,2
2961,2
2962,2
2964,2
2967,2
2969,1
2970,1
2971,2
2974,2
2976,2
2978,2
2980,1
2982,1
2983,2
2984,1
2986,2
2987,1
2990,2
2992,2
2995,2
2996,2
2997,2
2998,2
2999,1
3001,1
3002,1
3003,1
3004,1
3006,1
3007,2
3008,2
3009,2
3010,2
3011,1
3013,2
3014,2
3015,1
3017,1
3019,2
3020,1
3021,1
3023,1
3024,1
3026,1
3027,2
3028,1
3029,2
3030,2
3032,1
3033,2
3034,2
3036,2
3037,2
3038,2
3045,2
3046,2
3047,2
3049,2
3052,2
3053,2
3054,1
3056,2
3057,2
3059,2
3060,2
3061,2
3062,1
3065,1
3066,1
3067,1
3068,1
3069,1
3072,2
3074,2
3075,1
3079,2
3080,1
3083,2
3084,2
3085,2
3089,2
3090,1
3091,2
3092,2
3093,2
3094,2
3095,1
3098,2
3103,1
3104,2
3107,2
3108,1
3109,2
3110,2
3111,1
3114,2
3117,1
3118,2
3119,2
3120,2
3122,2
3124,1
3126,2
3127,1
3128,2
3129,2
3131,1
3132,2
3133,1
3134,2
3135,1
3136,2
3138,1
3140,1
3141,2
3142,1
3143,2
3144,2
3145,1
3146,2
3147,1
3148,2
3149,2
3150,2
3151,2
3152,2
3153,2
3154,2
3156,1
3157,1
3158,1
3160,1
3161,2
3163,2
3164,2
3165,2
3166,2
3167,2
3168,2
3169,1
3170,1
3171,2
3172,1
3174,1
3175,2
3177,1
3178,2
3179,2
3180,2
3181,2
3182,1
3183,2
3184,1
3185,2
3186,2
3187,2
3188,2
3189,1
3190,1
3191,2
3193,2
3194,2
3195,2
3196,2
3197,2
3199,1
3200,2
3201,2
3202,1
3203,2
3204,1
3205,1
3207,2
3208,2
3209,2
3211,1
3212,2
3213,1
3214,1
3215,2
3216,1
3218,2
3219,1
3220,2
3221,2
3222,1
3223,1
3224,1
3225,1
3227,2
3228,2
3229,2
3231,2
3232,2
3234,2
3238,1
3240,2
3242,1
3244,2
3245,2
3246,2
3248,1
3249,1
3250,2
3251,1
3252,2
3253,1
3254,2
3256,1
3257,1
3259,1
3261,1
3262,2
3263,2
3266,2
3268,2
3269,2
3270,1
3272,1
3273,1
3274,1
3275,2
3276,1
3277,1
3278,2
3280,1
3282,2
3285,1
3286,1
3287,2
3288,2
3289,1
3290,1
3291,2
3292,2
3293,2
3294,1
3295,2
3296,1
3297,2
3298,2
3301,1
3302,2
3303,2
3304,1
3306,2
3307,2
3308,1
3311,2
3312,2
3314,2
3315,2
3319,2
3325,1
3326,2
3327,2
3328,2
3332,2
3333,2
3334,1
3335,2
3336,1
3337,1
3339,2
3340,2
3341,2
3342,2
3343,1
3344,1
3345,2
3346,2
3347,1
3348,2
3349,2
3350,2
3352,1
3353,1
3355,1
3356,2
3359,2
3362,2
3363,2
3364,2
3366,2
3367,1
3368,1
3370,2
3371,1
3372,2
3374,2
3375,2
3376,2
3377,2
3378,1
3379,2
3380,2
3381,1
3382,1
3383,2
3384,2
3385,2
3386,1
3387,2
3388,2
3391,2
3392,2
3394,2
3395,2
3396,1
3397,1
3398,2
3399,2
3401,2
3402,2
3404,1
3407,2
3410,2
3412,2
3415,2
3419,2
3421,2
3423,1
3425,2
3426,2
3427,2
3429,1
3430,2
3431,2
3432,1
3433,2
3436,1
3438,2
3441,2
3443,2
3444,2
3445,2
3446,1
3448,1
3449,1
3450,2
3451,2
3452,2
3454,1
3455,1
3456,2
3457,1
3458,1
3459,1
3461,2
3463,1
3464,2
3465,2
3470,2
3471,2
3472,1
3473,2
3477,2
3479,1
3480,2
3481,1
3482,2
3483,1
3484,1
3485,2
3486,1
3488,1
3490,1
3493,1
3495,2
3496,2
3499,1
3501,2
3502,2
3503,2
3505,2
3506,2
3507,1
3508,1
3509,1
3510,1
3513,2
3515,1
3516,2
3518,1
3520,2
3522,2
3524,2
3525,2
3527,2
3528,2
3530,2
3532,2
3533,2
3534,2
3536,1
3537,1
3538,2
3541,1
3542,2
3544,1
3545,1
3546,1
3548,2
3549,2
3551,1
3552,2
3554,2
3555,2
3556,1
3558,2
3559,1
3560,2
3561,1
3562,2
3564,2
3565,2
3566,1
3567,1
3568,2
3569,2
3571,2
3572,1
3573,2
3575,1
3576,2
3577,1
3579,1
3580,2
3583,2
3584,2
3585,2
3586,2
3588,2
3589,2
3592,2
3593,1
3594,2
3596,1
3598,2
3599,2
3600,2
3602,2
3603,1
3607,2
3608,2
3609,2
3610,2
3612,2
3614,1
3616,1
3617,2
3618,2
3619,2
3620,2
3621,2
3623,2
3626,2
3627,2
3628,2
3629,1
3630,2
3631,2
3632,2
3633,1
3634,2
3637,2
3638,2
3641,1
3643,2
3644,2
3646,1
3647,2
3649,1
3651,1
3652,2
3653,2
3655,1
3656,2
3657,2
3658,1
3659,2
3660,2
3661,2
3662,2
3663,1
3664,2
3665,2
3666,2
3668,2
3669,2
3670,2
3671,1
3673,2
3674,1
3676,1
3677,1
3680,1
3682,1
3683,2
3684,1
3685,2
3686,2
3687,2
3688,1
3689,1
3690,2
3692,1
3694,2
3695,1
3696,2
3700,2
3701,2
3702,2
3703,2
3705,1
3707,2
3708,2
3710,2
3711,2
3713,2
3714,2
3715,1
3716,2
3718,1
3719,1
3720,2
3722,1
3723,2
3724,2
3727,1
3728,1
3730,2
3731,2
3733,2
3736,2
3738,2
3739,1
3740,2
3741,1
3744,1
3745,1
3746,1
3747,2
3748,2
3749,2
3750,2
3752,2
3755,2
3756,1
3759,1
3761,1
3762,2
3763,1
3765,2
3766,2
3768,2
3769,2
3770,2
3772,2
3773,1
3774,2
3775,2
3776,1
3777,2
3778,1
3779,1
3780,1
3781,2
3782,2
3783,1
3784,1
3785,1
3786,1
3787,1
3788,2
3789,2
3791,1
3793,2
3794,2
3796,2
3797,1
3800,2
3801,2
3802,2
3803,2
3806,2
3807,2
3809,1
3810,2
3812,1
3813,2
3814,1
3815,2
3818,2
3820,2
3821,2
3822,2
3824,2
3825,2
3826,1
3828,2
3835,2
3836,2
3837,1
3838,2
3839,2
3840,1
3841,2
3842,2
3843,2
3845,1
3846,2
3847,1
3849,1
3850,2
3853,2
3854,2
3856,2
3858,2
3859,1
3860,1
3861,1
3863,1
3866,1
3868,1
3869,2
3871,1
3872,2
3873,1
3875,2
3876,1
3877,1
3879,2
3880,2
3881,2
3882,2
3883,1
3884,2
3887,2
3889,1
3890,1
3891,2
3892,1
3893,2
3894,1
3895,2
3897,1
3898,2
3899,2
3900,2
3901,1
3902,2
3903,1
3904,2
3906,1
3909,2
3910,1
3911,1
3912,2
3915,1
3916,2
3921,1
3923,2
3924,1
3925,2
3926,2
3927,2
3928,1
3929,1
3930,1
3931,2
3933,1
3934,2
3935,1
3936,2
3937,1
3938,2
3941,1
3942,1
3945,2
3946,2
3947,2
3948,1
3950,2
3951,2
3952,1
3954,1
3955,2
3956,2
3957,2
3958,2
3959,1
3961,1
3964,1
3965,2
3967,1
3968,2
3969,2
3970,2
3971,2
3972,2
3973,1
3975,1
3976,2
3977,2
3978,1
3979,1
3980,1
3982,1
3983,2
3985,2
3986,2
3987,2
3990,2
3991,2
3992,2
3993,2
3994,2
3995,1
3997,2
3998,2
3999,2
4000,1
4001,1
4002,1
4003,1
4005,1
4006,1
4007,1
4009,1
4011,1
4012,1
4015,1
4016,1
4017,1
4018,1
4020,1
4022,1
4023,1
4024,1
4027,1
4029,1
4030,1
4031,1
4032,1
4033,1
4034,1
4035,1
4036,1
4037,1
4038,1
4040,1
4042,1
4043,1
4045,1
4047,1
4048,1
4049,1
4050,1
4051,1
4054,1
4055,1
4057,1
4058,1
4060,1
4061,1
4062,1
4064,1
4066,1
4070,1
4071,1
4072,1
4074,1
4075,1
4076,1
4077,1
4078,1
4080,1
4082,1
4084,1
4086,1
4087,1
4088,1
4091,1
4093,1
4094,1
4095,1
4096,1
4097,1
4098,1
4099,1
4100,1
4102,1
4104,1
4105,1
4106,1
4107,1
4108,1
4109,1
4110,1
4111,1
4112,1
4115,1
4116,1
4118,1
4119,1
4120,1
4121,1
4122,1
4123,1
4124,1
4125,1
4127,1
4128,1
4130,1
4131,2
4132,1
4133,1
4134,1
4135,1
4137,1
4138,1
4139,1
4140,1
4141,1
4142,1
4143,1
4146,1
4148,1
4149,1
4150,1
4152,1
4154,2
4155,1
4156,1
4157,1
4158,1
4159,1
4160,1
4161,2
4162,2
4164,1
4165,1
4167,1
4169,1
4171,1
4172,1
4173,1
4175,1
4176,1
4178,1
4180,1
4181,1
4182,1
4183,1
4184,1
4186,1
4187,1
4188,2
4189,1
4190,1
4192,1
4193,1
4194,2
4197,1
4198,1
4199,1
4200,1
4201,1
4202,2
4203,1
4204,1
4205,1
4206,1
4214,1
4215,1
4216,1
4218,2
4219,1
4220,1
4221,1
4222,1
4223,1
4224,1
4225,2
4226,1
4227,1
4228,1
4229,1
4231,1
4233,1
4234,1
4235,1
4236,1
4237,1
4240,1
4242,1
4244,1
4245,1
4246,1
4247,1
4249,1
4252,1
4254,1
4255,1
4257,1
4258,1
4259,1
4260,2
4261,1
4263,1
4264,2
4265,1
4267,1
4268,1
4272,1
4273,1
4274,1
4275,1
4276,1
4277,1
4278,1
4281,1
4282,1
4283,1
4284,1
4285,1
4286,1
4287,1
4288,1
4289,1
4290,1
4291,1
4292,1
4293,1
4294,1
4295,1
4296,1
4297,1
4298,1
4299,1
4300,1
4301,2
4302,1
4304,1
4305,1
4306,1
4307,1
4309,1
4310,1
4312,1
4313,1
4314,1
4316,1
4318,1
4320,1
4322,1
4323,1
4325,1
4326,1
4327,1
4329,1
4330,1
4331,2
4332,1
4334,1
4337,1
4338,1
4339,1
4340,1
4341,1
4343,1
4345,1
4346,1
4348,1
4349,1
4350,1
4353,1
4355,1
4356,2
4357,1
4358,1
4359,1
4362,1
4364,1
4365,1
4366,1
4367,1
4368,1
4369,1
4370,1
4371,1
4375,1
4376,1
4377,1
4378,1
4379,1
4380,1
4381,1
4382,1
4383,1
4384,2
4385,1
4386,1
4388,1
4389,1
4391,1
4393,1
4394,1
4395,2
4397,1
4398,1
4399,1
4400,1
4402,1
4405,1
4406,1
4409,2
4410,1
4412,1
4414,1
4416,1
4418,1
4419,1
4420,1
4422,1
4423,1
4424,1
4426,1
4427,1
4428,1
4431,1
4432,1
4433,1
4434,1
4435,1
4436,2
4437,1
4439,1
4440,1
4443,1
4444,1
4445,1
4447,1
4448,1
4450,1
4452,1
4453,1
4454,1
4457,1
4458,1
4460,1
4461,1
4462,1
4463,1
4464,1
4465,1
4466,1
4468,1
4472,1
4473,1
4474,1
4475,1
4476,1
4477,1
4479,1
4480,1
4482,1
4483,1
4485,1
4486,1
4488,1
4490,1
4493,1
4494,1
4495,1
4496,1
4497,1
4499,2
4500,1
4501,1
4502,1
4503,1
4504,1
4506,2
4508,1
4509,1
4510,1
4511,1
4512,2
4513,1
4514,1
4515,1
4517,1
4518,1
4522,1
4523,1
4524,1
4525,1
4526,1
4527,1
4528,1
4529,1
4534,1
4537,1
4538,1
4541,1
4542,1
4543,1
4544,1
4545,1
4546,1
4550,2
4551,1
4552,1
4553,1
4555,1
4556,1
4558,1
4559,1
4560,1
4562,1
4563,1
4564,1
4565,1
4566,2
4567,1
4568,1
4570,1
4571,1
4574,1
4576,1
4577,1
4578,1
4581,1
4582,1
4583,1
4584,1
4585,1
4586,1
4587,1
4589,2
4590,1
4591,1
4592,1
4593,1
4597,1
4598,1
4599,1
4600,2
4603,1
4604,2
4605,1
4606,1
4607,1
4608,1
4609,1
4610,1
4612,1
4613,1
4615,1
4619,1
4620,1
4621,1
4622,1
4623,1
4624,1
4625,1
4627,1
4628,1
4629,1
4630,1
4631,1
4632,1
4635,1
4636,1
4637,1
4641,1
4642,2
4643,1
4644,1
4645,1
4646,2
4649,1
4650,1
4652,1
4654,1
4655,1
4656,1
4658,1
4659,1
4661,1
4662,1
4663,1
4664,1
4666,2
4668,1
4670,1
4671,1
4672,1
4674,1
4676,1
4677,1
4678,2
4679,1
4680,1
4681,1
4682,1
4683,1
4684,1
4685,1
4686,1
4688,1
4689,1
4690,1
4691,1
4693,1
4696,1
4697,1
4698,2
4699,1
4700,1
4701,1
4702,1
4703,1
4704,1
4705,1
4708,1
4709,1
4711,2
4712,1
4713,1
4714,1
4715,1
4718,1
4719,1
4720,1
4721,1
4724,1
4725,2
4726,1
4727,1
4729,1
4730,1
4731,1
4732,1
4733,1
4734,2
4737,1
4738,1
4739,1
4740,1
4741,1
4742,1
4743,1
4744,1
4745,1
4748,1
4749,1
4752,1
4755,1
4756,1
4759,2
4760,1
4761,1
4762,1
4766,1
4767,1
4768,1
4769,1
4770,1
4773,1
4774,1
4775,1
4776,1
4777,1
4778,1
4779,1
4780,1
4781,1
4782,1
4783,1
4784,1
4787,1
4788,1
4789,1
4790,1
4791,1
4792,1
4793,1
4795,1
4796,1
4797,1
4799,1
4800,1
4804,1
4805,1
4806,1
4809,1
4811,1
4812,1
4813,1
4814,1
4815,1
4819,1
4820,1
4821,1
4823,1
4827,1
4828,1
4830,1
4831,1
4833,1
4834,1
4835,1
4838,1
4840,1
4842,1
4845,1
4846,1
4848,1
4850,1
4852,1
4853,1
4854,1
4855,1
4857,1
4859,1
4862,1
4863,1
4865,1
4866,1
4868,1
4869,1
4871,1
4872,1
4873,1
4874,1
4877,1
4878,1
4879,1
4880,1
4881,1
4882,1
4883,1
4884,1
4885,1
4886,1
4887,1
4888,1
4889,1
4890,1
4891,1
4892,2
4893,1
4894,1
4895,1
4896,1
4898,1
4899,1
4900,1
4901,1
4902,1
4903,1
4904,1
4905,1
4906,1
4908,1
4909,1
4910,1
4913,1
4914,1
4915,1
4918,1
4919,1
4923,1
4924,1
4925,1
4926,1
4928,1
4930,1
4931,1
4932,1
4933,1
4934,1
4935,1
4937,1
4938,1
4939,1
4940,1
4944,1
4945,1
4946,1
4947,1
4948,1
4949,1
4950,1
4951,1
4952,1
4954,1
4955,2
4956,1
4958,1
4959,1
4960,1
4961,1
4962,1
4963,1
4964,2
4965,1
4967,1
4968,1
4970,1
4971,1
4973,1
4977,1
4981,1
4982,1
4983,1
4987,1
4988,1
4989,1
4990,1
4992,1
4993,1
4994,1
4995,1
4997,1
4998,1
5001,1
5002,1
5003,1
5004,1
5005,1
5006,1
5007,1
5008,1
5010,1
5012,1
5014,1
5015,1
5016,2
5017,1
5019,2
5020,1
5022,1
5023,1
5024,1
5025,1
5026,1
5027,1
5028,1
5029,1
5030,1
5031,1
5032,1
5034,1
5035,1
5037,1
5039,1
5040,1
5043,1
5044,1
5045,1
5046,1
5048,1
5049,2
5050,1
5051,1
5053,1
5054,1
5055,1
5056,1
5057,2
5058,1
5060,1
5061,1
5062,1
5063,1
5064,1
5065,1
5067,1
5069,1
5071,1
5072,1
5076,1
5077,1
5078,1
5081,2
5082,1
5083,1
5084,1
5085,1
5087,1
5090,1
5091,1
5092,1
5093,1
5094,2
5096,1
5099,1
5100,1
5101,2
5103,1
5105,2
5107,1
5110,1
5111,1
5112,1
5114,2
5115,1
5116,1
5117,1
5119,2
5120,1
5122,1
5123,1
5124,1
5126,1
5127,1
5128,1
5129,1
5130,1
5133,1
5134,1
5135,1
5136,1
5137,1
5138,1
5139,2
5140,1
5141,2
5143,1
5144,1
5145,1
5146,1
5147,1
5148,1
5150,1
5151,1
5155,1
5157,1
5158,2
5159,1
5160,1
5161,1
5162,1
5163,1
5165,1
5167,1
5168,1
5169,1
5170,1
5175,1
5177,1
5178,1
5179,1
5180,1
5181,1
5182,1
5183,1
5184,1
5185,1
5187,1
5188,1
5189,1
5191,1
5192,1
5195,1
5196,1
5197,1
5198,1
5199,1
5200,1
5201,1
5202,1
5203,1
5204,2
5210,1
5212,1
5213,1
5214,1
5215,1
5216,1
5218,1
5221,1
5222,1
5224,1
5225,1
5227,1
5228,1
5229,1
5230,1
5231,2
5234,1
5235,1
5237,1
5240,1
5241,1
5242,1
5243,2
5246,1
5250,1
5252,1
5253,1
5256,1
5259,1
5262,1
5263,2
5264,1
5265,1
5267,1
5268,1
5270,1
5272,1
5273,1
5274,2
5276,1
5277,1
5278,1
5279,1
5282,1
5283,1
5284,1
5285,1
5286,1
5287,1
5288,1
5289,1
5290,1
5291,1
5292,2
5293,1
5294,1
5297,1
5299,1
5300,1
5301,1
5302,1
5303,1
5304,1
5305,1
5306,1
5307,1
5309,1
5312,1
5314,2
5317,2
5318,1
5319,1
5320,1
5321,1
5322,1
5323,1
5324,1
5325,1
5327,1
5330,1
5331,1
5332,1
5333,1
5334,1
5335,2
5336,1
5337,2
5338,1
5339,2
5341,1
5347,1
5348,1
5349,1
5350,1
5351,1
5354,1
5356,1
5359,1
5360,1
5361,1
5362,2
5363,1
5365,1
5366,1
5368,1
5371,1
5372,1
5373,1
5375,1
5376,1
5377,1
5379,1
5381,1
5382,1
5383,1
5385,1
5387,1
5388,1
5389,1
5390,1
5391,1
5392,1
5394,1
5395,1
5396,1
5398,1
5399,1
5400,1
5401,1
5403,1
5404,1
5405,1
5407,1
5408,1
5409,1
5411,1
5412,1
5414,1
5415,1
5416,1
5417,1
5418,1
5419,1
5421,1
5422,1
5423,1
5424,1
5426,1
5427,1
5428,1
5429,1
5430,1
5431,1
5432,1
5433,1
5434,1
5435,1
5437,1
5438,1
5440,1
5441,1
5442,1
5446,2
5448,1
5449,1
5450,1
5451,1
5454,1
5455,1
5456,1
5457,1
5458,1
5459,1
5461,1
5462,1
5463,1
5464,1
5466,1
5467,1
5468,1
5469,1
5470,1
5471,1
5472,1
5473,1
5474,1
5475,2
5476,1
5477,1
5478,1
5479,1
5480,1
5481,1
5483,2
5485,1
5486,1
5487,1
5488,1
5489,1
5490,1
5491,1
5492,1
5493,1
5494,1
5495,1
5496,1
5497,1
5499,1
5505,1
5506,1
5507,1
5508,1
5510,1
5511,1
5512,1
5513,1
5514,1
5515,2
5516,1
5517,1
5520,1
5521,1
5522,1
5523,1
5524,1
5525,1
5526,1
5527,1
5528,1
5529,1
5530,1
5531,1
5532,1
5533,2
5534,1
5536,1
5537,1
5538,2
5539,1
5540,1
5541,1
5545,1
5546,1
5547,1
5548,1
5549,1
5551,1
5553,1
5554,1
5555,1
5556,1
5557,1
5558,1
5559,1
5560,2
5561,1
5562,1
5565,1
5566,1
5568,1
5570,1
5571,1
5572,1
5574,1
5575,1
5576,1
5579,1
5580,1
5581,1
5584,2
5586,1
5587,2
5588,1
5591,1
5592,1
5594,1
5595,1
5596,1
5597,1
5598,1
5600,1
5603,1
5606,1
5607,1
5609,1
5611,1
5613,1
5614,1
5615,1
5616,1
5618,1
5619,1
5620,1
5621,1
5622,1
5624,1
5625,1
5626,1
5627,1
5629,1
5630,1
5631,1
5632,1
5634,1
5635,1
5636,2
5637,1
5638,1
5639,1
5642,1
5643,1
5645,1
5647,1
5648,1
5650,2
5652,1
5655,1
5656,1
5658,1
5659,1
5660,1
5661,1
5662,1
5663,1
5664,2
5665,1
5666,2
5667,1
5671,1
5672,1
5674,1
5677,1
5679,1
5680,1
5681,1
5682,1
5684,1
5685,1
5686,2
5689,1
5690,1
5694,1
5696,1
5697,1
5698,1
5700,1
5701,1
5702,1
5703,1
5704,1
5705,1
5707,1
5708,1
5709,2
5710,1
5711,1
5712,1
5713,1
5716,1
5718,1
5719,1
5720,1
5721,1
5722,1
5723,1
5725,1
5727,1
5728,1
5730,1
5732,1
5733,1
5734,1
5735,1
5736,1
5737,1
5740,1
5741,1
5743,1
5744,2
5745,1
5746,1
5748,1
5750,1
5751,1
5752,2
5753,1
5755,2
5757,1
5759,1
5760,1
5761,1
5762,1
5763,1
5764,1
5765,2
5768,1
5769,1
5770,1
5774,1
5775,1
5776,1
5778,1
5779,1
5781,1
5782,1
5783,1
5784,1
5788,1
5789,1
5793,1
5794,1
5796,1
5797,1
5798,1
5800,1
5801,1
5802,1
5803,1
5804,1
5805,1
5806,1
5807,1
5809,1
5811,1
5813,1
5814,1
5815,1
5816,1
5817,1
5820,1
5822,1
5823,1
5829,1
5830,2
5831,1
5832,1
5833,1
5834,1
5836,1
5837,1
5838,1
5839,1
5841,1
5842,1
5844,1
5845,1
5846,1
5847,1
5849,1
5851,1
5852,1
5854,1
5856,1
5858,1
5859,2
5860,1
5863,1
5864,1
5865,1
5866,1
5869,1
5873,1
5874,1
5875,1
5878,1
5879,1
5881,1
5883,1
5884,1
5885,1
5886,2
5887,1
5891,1
5892,1
5894,1
5896,1
5897,1
5898,1
5899,2
5900,1
5901,1
5903,1
5904,1
5905,1
5906,1
5907,1
5908,1
5909,1
5910,1
5911,1
5913,1
5914,1
5915,1
5916,1
5917,1
5918,1
5919,1
5920,1
5921,2
5923,1
5925,1
5926,1
5927,1
5928,1
5929,1
5930,1
5931,1
5934,1
5935,1
5936,1
5938,1
5939,1
5940,1
5941,1
5942,1
5943,2
5944,1
5946,1
5947,1
5948,1
5949,1
5953,1
5954,1
5955,1
5956,1
5957,1
5959,1
5960,1
5961,1
5962,1
5964,1
5966,1
5967,1
5968,1
5969,1
5970,1
5971,1
5972,1
5973,1
5974,1
5975,1
5979,1
5980,1
5981,1
5983,1
5984,1
5986,2
5987,1
5989,1
5992,1
5993,1
5994,1
5996,1
5997,1
5998,1
5999,1
6000,1
6001,1
6002,1
6003,2
6004,2
6006,1
6007,2
6008,1
6009,2
6010,2
6011,2
6012,1
6014,1
6015,2
6016,1
6017,1
6019,2
6020,1
6021,1
6024,2
6025,1
6026,1
6027,1
6028,1
6029,1
6031,1
6032,1
6033,1
6035,1
6036,2
6037,2
6039,1
6040,1
6042,1
6045,2
6047,1
6048,2
6049,1
6050,1
6052,2
6053,2
6054,1
6055,1
6059,2
6060,1
6061,1
6062,2
6063,1
6064,1
6065,2
6066,2
6068,1
6069,1
6070,1
6072,1
6073,2
6075,2
6076,1
6080,2
6081,2
6082,1
6083,1
6084,1
6085,2
6087,1
6088,2
6090,2
6091,2
6093,1
6094,2
6095,2
6096,2
6097,2
6098,1
6099,1
6100,2
6101,1
6102,2
6103,2
6104,1
6106,1
6108,1
6110,2
6112,2
6113,2
6115,2
6116,1
6118,2
6119,2
6120,1
6122,2
6123,2
6124,1
6125,1
6126,1
6127,1
6128,2
6129,2
6130,1
6131,2
6134,1
6135,2
6136,1
6137,2
6138,1
6139,1
6140,1
6143,1
6144,2
6145,2
6146,2
6147,2
6148,2
6150,1
6151,1
6154,2
6157,2
6160,1
6161,1
6162,1
6166,1
6167,2
6168,1
6169,2
6170,1
6171,1
6173,2
6174,2
6177,2
6178,2
6179,1
6180,1
6181,2
6184,1
6185,2
6186,1
6187,1
6189,2
6192,2
6193,1
6194,1
6195,2
6196,2
6197,1
6199,2
6200,2
6202,2
6203,1
6205,1
6206,1
6208,2
6209,2
6210,1
6212,2
6214,1
6215,1
6217,2
6219,1
6220,2
6221,2
6222,1
6223,1
6224,1
6227,1
6228,1
6229,2
6230,1
6231,2
6232,1
6235,1
6236,2
6237,1
6238,2
6239,1
6240,2
6241,1
6247,2
6249,1
6250,2
6253,1
6255,1
6257,1
6258,1
6260,1
6261,2
6262,1
6263,1
6265,1
6266,2
6267,1
6268,2
6270,1
6271,2
6272,2
6273,1
6274,2
6277,2
6278,2
6279,2
6280,2
6282,1
6286,1
6287,1
6290,2
6293,2
6294,1
6296,2
6298,2
6300,1
6303,2
6304,1
6305,1
6306,2
6307,2
6308,1
6309,1
6310,1
6311,2
6312,1
6313,1
6314,1
6315,1
6316,2
6317,1
6318,2
6320,2
6321,1
6322,2
6323,2
6324,2
6327,1
6328,1
6329,2
6330,2
6331,1
6333,1
6334,1
6335,2
6336,1
6338,2
6339,1
6341,2
6343,2
6344,1
6349,2
6350,2
6351,2
6352,1
6353,2
6355,2
6357,2
6358,2
6359,1
6360,2
6364,2
6367,1
6368,2
6369,2
6371,2
6373,2
6374,2
6378,2
6379,1
6382,1
6383,1
6385,1
6389,2
6392,2
6393,2
6394,2
6395,1
6399,1
6401,2
6404,1
6405,1
6406,2
6407,1
6408,1
6409,1
6410,1
6412,2
6414,1
6415,2
6416,1
6417,2
6418,1
6419,1
6420,2
6421,1
6423,1
6424,1
6425,1
6426,1
6427,2
6428,1
6430,1
6432,1
6433,1
6434,1
6435,1
6436,2
6437,2
6438,1
6439,2
6440,2
6441,1
6445,2
6446,2
6449,1
6450,2
6453,2
6454,1
6455,2
6456,1
6459,2
6461,2
6463,2
6466,1
6467,1
6468,2
6470,2
6471,1
6473,2
6475,2
6476,1
6480,2
6481,2
6482,1
6483,1
6485,1
6486,2
6487,2
6488,2
6489,1
6490,1
6491,1
6492,2
6493,1
6494,2
6496,1
6497,2
6500,2
6501,1
6502,2
6503,2
6504,2
6505,1
6506,1
6507,2
6508,2
6512,1
6513,1
6514,1
6515,2
6516,1
6517,2
6518,2
6521,1
6522,1
6523,2
6525,1
6526,1
6527,1
6531,1
6536,1
6537,2
6538,1
6542,2
6543,2
6544,1
6546,2
6547,2
6549,1
6550,1
6551,2
6552,2
6556,1
6559,2
6560,1
6563,1
6565,1
6567,2
6569,1
6570,2
6571,1
6572,2
6573,1
6574,2
6575,1
6576,2
6577,1
6578,1
6580,1
6581,1
6582,1
6584,1
6585,2
6586,1
6589,1
6590,2
6591,2
6592,2
6593,2
6595,1
6597,2
6599,1
6600,2
6601,2
6602,2
6604,1
6605,1
6606,1
6607,1
6608,1
6610,1
6612,1
6617,2
6619,1
6621,1
6623,1
6624,1
6625,2
6626,1
6627,1
6628,1
6629,1
6630,2
6631,1
6632,1
6634,2
6635,1
6637,1
6639,1
6640,2
6641,1
6642,1
6643,1
6645,1
6646,2
6649,1
6650,1
6651,2
6652,2
6653,1
6654,1
6655,2
6658,1
6659,2
6661,2
6664,1
6665,1
6666,2
6667,1
6668,1
6669,2
6670,2
6674,1
6676,1
6678,1
6679,1
6680,1
6681,2
6682,2
6684,1
6685,2
6686,1
6687,1
6690,2
6693,1
6694,1
6696,1
6697,1
6700,1
6701,2
6702,1
6703,2
6704,1
6705,2
6706,1
6707,2
6709,1
6712,2
6713,2
6714,2
6715,1
6716,2
6718,2
6719,1
6720,1
6721,1
6722,1
6723,2
6724,2
6725,1
6729,2
6730,1
6731,2
6732,2
6733,2
6734,2
6736,2
6737,1
6739,1
6740,1
6741,1
6742,1
6743,1
6745,1
6747,2
6749,2
6750,2
6752,1
6755,1
6756,1
6758,1
6759,1
6760,2
6761,1
6763,2
6764,2
6765,1
6766,1
6768,1
6769,2
6770,1
6771,1
6772,1
6773,1
6774,1
6775,1
6776,1
6778,1
6779,2
6782,2
6785,1
6786,1
6787,2
6789,2
6791,1
6792,1
6793,1
6795,2
6796,1
6797,2
6798,1
6799,1
6800,1
6801,1
6802,1
6803,1
6804,2
6805,1
6806,1
6807,1
6808,1
6809,1
6810,2
6811,2
6812,1
6814,1
6815,1
6816,2
6817,2
6820,2
6822,2
6823,1
6824,1
6825,1
6826,2
6827,1
6829,2
6830,1
6833,2
6836,1
6839,1
6843,1
6845,1
6848,1
6850,1
6853,1
6854,2
6855,1
6857,2
6859,1
6860,1
6861,2
6862,1
6863,2
6865,1
6866,1
6867,2
6869,1
6870,1
6871,2
6872,1
6873,2
6875,2
6876,1
6877,1
6880,2
6881,1
6882,1
6883,1
6885,2
6886,2
6887,2
6888,1
6889,2
6891,2
6892,1
6893,1
6896,2
6898,2
6899,2
6901,1
6902,1
6903,2
6905,1
6907,1
6909,2
6910,1
6911,1
6912,1
6914,1
6917,2
6919,2
6920,2
6922,1
6926,2
6927,2
6928,1
6931,1
6932,2
6935,1
6936,2
6939,1
6940,2
6942,2
6943,2
6945,1
6946,1
6947,2
6948,2
6949,2
6950,2
6951,1
6952,2
6953,2
6954,1
6955,1
6956,1
6957,1
6959,1
6961,1
6962,2
6963,1
6964,1
6965,1
6967,1
6968,1
6970,1
6971,1
6972,2
6973,1
6974,1
6975,2
6979,1
6981,2
6983,1
6985,1
6986,1
6991,1
6993,2
6994,2
6996,1
6997,2
6999,1
7000,2
7001,1
7003,1
7004,1
7005,2
7006,1
7007,2
7008,1
7009,2
7010,2
7012,1
7013,2
7014,1
7017,1
7019,2
7020,1
7023,2
7024,2
7025,2
7026,2
7027,1
7032,1
7033,1
7036,1
7037,2
7039,2
7040,2
7041,1
7042,2
7045,2
7046,1
7049,2
7051,1
7052,1
7053,2
7055,1
7057,1
7058,2
7059,2
7060,1
7062,2
7064,1
7066,2
7067,2
7068,2
7069,2
7071,1
7072,1
7077,1
7078,1
7079,1
7080,2
7082,1
7084,2
7086,1
7087,1
7088,1
7090,1
7091,2
7093,2
7095,1
7096,1
7097,1
7099,1
7100,2
7101,2
7102,2
7103,1
7105,2
7106,1
7107,2
7109,2
7110,1
7111,1
7113,1
7114,2
7116,1
7118,2
7119,2
7122,1
7123,1
7124,1
7125,1
7126,1
7127,2
7129,1
7130,1
7132,2
7133,1
7134,2
7135,1
7136,2
7137,1
7139,2
7142,2
7143,1
7144,1
7145,2
7146,1
7148,1
7149,2
7150,1
7152,2
7153,2
7154,2
7155,2
7156,2
7158,1
7159,1
7160,1
7161,1
7163,2
7164,1
7165,2
7166,2
7167,2
7169,2
7170,2
7171,2
7172,1
7173,1
7174,1
7175,1
7176,1
7177,1
7178,2
7181,1
7182,2
7184,1
7185,1
7186,2
7189,1
7190,1
7191,1
7192,1
7193,1
7195,2
7196,1
7197,1
7198,1
7199,2
7200,2
7204,2
7208,2
7209,2
7210,1
7212,2
7213,2
7216,1
7217,1
7218,1
7219,2
7220,2
7221,1
7222,2
7223,1
7224,1
7225,2
7226,2
7227,1
7228,1
7230,2
7233,2
7234,2
7236,1
7237,2
7239,1
7240,1
7244,1
7245,1
7246,2
7247,2
7248,2
7249,1
7250,1
7251,2
7253,1
7254,1
7255,1
7258,2
7259,2
7260,2
7262,1
7263,1
7264,1
7265,1
7268,1
7269,2
7272,1
7273,1
7276,2
7277,2
7278,1
7279,1
7280,1
7281,2
7283,2
7284,1
7285,2
7286,2
7288,1
7289,2
7293,2
7294,2
7296,1
7297,2
7299,2
7300,2
7301,2
7302,2
7303,2
7304,2
7306,1
7310,2
7311,2
7313,2
7314,2
7315,2
7316,1
7317,2
7318,2
7319,2
7321,2
7322,1
7323,1
7324,1
7326,1
7327,2
7328,1
7331,2
7332,2
7333,1
7334,1
7335,1
7336,1
7337,2
7338,2
7339,2
7340,1
7342,2
7343,2
7346,2
7348,1
7350,2
7351,1
7352,1
7354,1
7355,2
7358,2
7359,2
7360,2
7361,1
7364,2
7365,2
7366,2
7368,2
7370,2
7371,2
7372,2
7377,1
7380,2
7381,2
7382,2
7383,2
7386,1
7387,2
7388,2
7389,1
7390,1
7392,2
7396,1
7401,1
7402,2
7405,1
7406,1
7407,1
7408,2
7410,2
7411,1
7412,1
7413,1
7414,2
7415,2
7416,1
7417,2
7419,1
7420,2
7422,1
7423,2
7425,2
7427,1
7428,2
7429,1
7430,2
7431,1
7433,1
7435,1
7436,1
7437,2
7438,1
7440,1
7441,2
7443,2
7444,2
7445,2
7446,2
7448,2
7449,2
7450,1
7451,2
7453,2
7454,1
7455,2
7457,1
7458,1
7460,1
7462,1
7463,1
7465,2
7466,2
7467,1
7468,2
7469,2
7470,2
7471,2
7472,2
7473,1
7476,1
7478,1
7479,1
7480,1
7483,2
7485,1
7486,1
7487,2
7489,1
7490,1
7491,1
7492,1
7493,1
7494,2
7495,1
7498,2
7500,2
7501,1
7502,1
7504,1
7505,1
7507,2
7509,2
7510,2
7511,2
7513,1
7514,2
7516,1
7517,2
7518,2
7519,2
7522,1
7523,2
7524,1
7525,1
7527,1
7529,1
7530,2
7531,1
7532,2
7534,1
7535,1
7536,1
7537,1
7539,1
7540,2
7541,2
7542,1
7543,2
7544,2
7547,1
7548,1
7550,1
7551,1
7552,1
7553,1
7555,1
7556,1
7557,2
7558,1
7559,1
7561,1
7562,2
7564,2
7565,1
7566,2
7567,1
7568,2
7570,2
7571,1
7572,1
7575,1
7576,2
7578,1
7579,1
7580,1
7583,2
7584,1
7585,1
7586,1
7587,1
7589,1
7590,1
7591,1
7593,1
7594,1
7595,2
7598,2
7599,1
7600,1
7603,1
7604,1
7605,1
7607,2
7608,1
7609,2
7610,1
7613,1
7614,2
7615,1
7617,2
7618,2
7619,1
7621,1
7622,1
7623,1
7624,1
7625,2
7626,1
7627,2
7628,2
7629,2
7631,2
7632,2
7633,1
7634,2
7635,1
7636,2
7637,1
7638,2
7639,1
7640,2
7641,1
7642,1
7643,1
7644,2
7647,2
7648,1
7649,2
7650,1
7651,2
7653,2
7654,1
7655,2
7656,1
7657,2
7658,1
7659,2
7660,2
7661,1
7662,2
7664,1
7666,1
7667,1
7668,2
7670,1
7671,1
7672,1
7673,2
7674,2
7675,1
7676,1
7678,1
7679,1
7680,2
7681,2
7682,1
7683,1
7684,1
7685,1
7687,1
7688,2
7690,2
7691,1
7692,1
7693,1
7695,2
7696,2
7699,1
7700,1
7702,1
7703,2
7704,1
7705,1
7706,1
7708,1
7709,1
7710,1
7711,1
7712,2
7714,1
7717,1
7718,1
7719,2
7720,2
7721,2
7723,1
7724,2
7725,2
7726,1
7728,2
7729,2
7731,2
7732,2
7733,2
7734,1
7735,2
7737,2
7738,2
7739,1
7740,1
7741,2
7742,1
7743,2
7744,1
7747,1
7749,2
7750,2
7751,1
7752,1
7753,1
7754,1
7755,2
7756,2
7758,1
7761,2
7762,2
7764,2
7766,1
7767,2
7768,1
7769,2
7770,2
7771,2
7772,1
7773,2
7774,1
7775,1
7776,1
7777,2
7780,1
7781,1
7782,1
7784,1
7785,1
7786,1
7787,1
7788,2
7789,2
7791,2
7792,2
7793,2
7794,2
7796,1
7797,1
7798,1
7799,2
7800,2
7801,1
7803,1
7805,2
7806,2
7807,1
7808,2
7810,1
7811,1
7812,1
7813,1
7815,2
7816,2
7817,2
7818,2
7819,1
7820,1
7822,1
7824,1
7829,2
7833,2
7835,1
7838,1
7839,2
7840,1
7841,1
7842,2
7843,2
7845,1
7846,2
7847,1
7848,1
7849,2
7850,1
7853,1
7854,2
7855,2
7857,2
7858,2
7859,1
7860,2
7863,1
7864,1
7865,2
7866,1
7872,1
7873,2
7874,2
7881,2
7882,1
7883,1
7885,2
7886,1
7887,2
7891,1
7892,2
7894,1
7897,2
7899,1
7901,1
7902,2
7903,2
7904,2
7905,2
7906,1
7908,1
7909,2
7910,1
7911,1
7912,2
7914,1
7915,2
7920,2
7922,1
7923,2
7924,2
7925,2
7926,2
7928,2
7930,2
7931,2
7932,1
7933,2
7936,2
7937,1
7939,2
7941,1
7942,1
7943,1
7945,2
7946,2
7948,1
7949,2
7950,1
7951,1
7952,2
7956,1
7959,1
7960,1
7961,2
7964,1
7965,1
7966,2
7967,1
7969,1
7971,2
7972,1
7973,2
7975,1
7976,2
7977,2
7978,2
7980,2
7981,1
7982,1
7983,1
7984,1
7989,1
7991,1
7992,2
7993,1
7997,2
7998,2
7999,1
8000,2
8001,2
8003,1
8004,2
8005,2
8006,2
8007,2
8008,2
8009,2
8010,2
8011,2
8012,2
8014,2
8016,2
8017,2
8018,2
8019,2
8020,2
8022,2
8023,2
8026,2
8027,2
8028,2
8029,2
8031,2
8032,2
8034,2
8036,2
8037,2
8041,2
8042,2
8043,2
8045,2
8046,2
8047,2
8049,2
8051,2
8052,2
8054,2
8055,2
8056,2
8060,2
8061,2
8063,2
8064,2
8065,2
8067,2
8069,2
8070,2
8071,2
8072,2
8073,2
8074,2
8077,2
8078,2
8079,1
8080,2
8081,2
8082,2
8085,2
8087,2
8088,2
8089,2
8090,2
8091,2
8092,2
8093,2
8095,2
8096,2
8097,2
8099,2
8100,1
8102,2
8104,2
8108,2
8110,2
8112,2
8113,2
8115,2
8116,2
8117,2
8118,1
8119,2
8120,1
8124,2
8125,2
8126,2
8127,2
8128,2
8129,2
8130,2
8131,2
8132,2
8133,2
8134,2
8136,2
8137,2
8138,2
8139,2
8141,2
8143,2
8144,2
8145,2
8146,2
8147,2
8148,2
8150,2
8151,2
8152,2
8159,2
8160,1
8161,2
8162,2
8165,2
8166,2
8167,2
8168,1
8169,2
8170,2
8171,2
8172,2
8173,2
8174,2
8175,2
8176,2
8177,2
8178,2
8179,2
8180,2
8181,2
8182,2
8183,2
8184,2
8185,2
8186,2
8187,2
8188,2
8189,2
8191,2
8192,2
8193,2
8194,2
8195,2
8198,2
8199,1
8200,2
8201,2
8203,2
8204,1
8205,2
8207,2
8209,2
8211,2
8212,2
8213,2
8214,2
8217,2
8218,2
8219,2
8220,2
8221,2
8222,2
8224,2
8225,1
8226,2
8228,2
8229,2
8230,2
8231,2
8232,2
8233,2
8234,2
8235,2
8236,2
8237,2
8238,2
8239,2
8241,2
8242,2
8244,2
8245,2
8246,2
8247,2
8248,2
8250,1
8253,2
8255,2
8256,2
8257,2
8258,2
8259,2
8260,2
8261,2
8263,2
8264,2
8265,2
8266,2
8267,1
8269,2
8270,2
8271,2
8273,2
8275,1
8276,2
8277,2
8278,2
8279,2
8280,2
8281,2
8282,2
8284,2
8285,2
8286,2
8289,2
8290,2
8293,2
8294,2
8298,2
8299,2
8300,2
8302,2
8303,2
8304,2
8305,2
8306,2
8308,2
8310,2
8312,2
8313,2
8314,2
8315,2
8316,2
8317,1
8318,2
8319,2
8320,2
8321,2
8323,2
8324,2
8325,2
8326,2
8327,2
8328,2
8329,2
8330,2
8333,2
8335,1
8337,2
8338,2
8339,2
8342,2
8343,2
8345,2
8346,2
8347,2
8349,2
8350,2
8351,2
8352,2
8354,2
8356,2
8357,2
8358,2
8359,2
8360,2
8361,2
8364,2
8365,2
8366,2
8367,2
8368,2
8369,2
8372,2
8375,2
8376,2
8378,2
8379,2
8380,2
8381,2
8383,2
8384,2
8385,2
8387,2
8388,2
8389,2
8390,2
8391,2
8392,2
8393,2
8394,2
8395,2
8396,2
8397,2
8398,2
8399,2
8401,2
8402,2
8403,2
8404,2
8405,2
8408,2
8409,2
8410,2
8411,1
8413,2
8415,1
8416,2
8419,2
8420,2
8422,2
8423,2
8425,2
8428,2
8429,2
8430,2
8431,2
8432,2
8434,2
8436,2
8439,2
8440,2
8443,2
8446,2
8447,2
8448,2
8449,2
8451,2
8452,2
8454,2
8455,1
8456,2
8457,2
8459,1
8460,2
8461,2
8462,2
8464,1
8465,2
8467,2
8468,2
8470,2
8471,2
8472,2
8473,2
8474,2
8475,2
8476,2
8477,2
8478,2
8479,2
8480,2
8482,2
8483,2
8486,2
8487,2
8488,2
8489,2
8492,2
8493,2
8496,2
8498,2
8499,2
8500,2
8501,2
8503,1
8507,2
8508,2
8509,2
8511,2
8512,2
8513,2
8514,2
8515,2
8517,1
8519,2
8520,2
8521,2
8522,2
8523,2
8525,2
8527,1
8528,2
8532,2
8534,2
8535,2
8536,2
8537,2
8538,2
8539,2
8540,2
8541,2
8542,2
8543,2
8544,2
8545,2
8547,2
8548,2
8549,2
8550,2
8551,2
8553,2
8554,2
8557,2
8558,2
8559,1
8560,2
8561,2
8562,1
8563,2
8564,2
8566,2
8567,2
8568,2
8573,2
8574,2
8575,2
8578,2
8580,2
8581,2
8582,2
8583,2
8584,2
8586,2
8588,2
8589,2
8591,2
8593,2
8594,2
8595,2
8596,2
8597,2
8598,2
8599,2
8601,2
8603,2
8604,2
8605,1
8606,2
8607,2
8608,2
8609,1
8610,2
8611,2
8613,2
8614,2
8615,2
8618,2
8620,2
8621,2
8622,2
8623,2
8624,2
8625,2
8626,2
8627,2
8628,2
8629,2
8630,2
8631,1
8632,2
8634,2
8635,2
8639,2
8640,2
8642,2
8643,2
8644,2
8645,2
8646,2
8648,2
8649,2
8650,2
8651,2
8653,2
8654,2
8655,2
8656,2
8657,2
8658,2
8659,2
8660,2
8662,2
8663,2
8665,2
8666,2
8667,2
8669,2
8671,2
8673,2
8675,2
8676,2
8677,2
8678,2
8679,2
8680,2
8681,1
8683,2
8684,2
8685,2
8689,2
8691,2
8694,2
8695,2
8698,2
8700,2
8702,2
8703,2
8704,2
8705,2
8706,2
8707,2
8708,2
8709,2
8710,2
8712,1
8713,2
8714,2
8717,2
8718,2
8721,2
8722,2
8724,2
8725,2
8727,2
8728,2
8729,2
8730,2
8731,2
8732,2
8733,2
8734,2
8735,2
8736,2
8737,2
8738,2
8739,2
8740,2
8743,2
8744,2
8745,2
8746,2
8748,2
8749,2
8750,2
8751,2
8752,2
8753,2
8754,2
8755,2
8758,2
8760,2
8761,2
8763,2
8765,2
8766,1
8767,2
8768,2
8770,2
8772,2
8774,2
8775,2
8776,2
8777,2
8778,2
8779,2
8781,2
8782,2
8783,2
8784,2
8785,2
8788,2
8789,2
8791,2
8792,2
8796,2
8797,2
8798,2
8800,1
8801,2
8803,2
8804,2
8805,2
8806,2
8807,2
8808,2
8809,2
8810,2
8811,2
8812,2
8813,2
8815,2
8818,2
8820,2
8821,2
8822,2
8823,2
8825,2
8826,2
8827,2
8828,2
8829,2
8830,2
8832,2
8833,1
8835,2
8836,2
8837,2
8838,2
8839,2
8840,2
8841,2
8842,2
8847,2
8848,2
8849,2
8850,2
8851,1
8853,2
8854,2
8855,2
8856,2
8857,2
8858,2
8859,2
8860,2
8861,2
8862,2
8863,2
8864,2
8866,2
8867,2
8868,2
8869,2
8871,2
8872,2
8874,2
8875,2
8876,1
8877,2
8878,2
8879,2
8880,2
8881,2
8884,2
8886,2
8887,2
8888,2
8889,2
8892,2
8893,1
8894,2
8895,2
8897,2
8898,1
8899,2
8900,2
8901,2
8902,2
8903,2
8904,2
8905,2
8906,2
8907,1
8908,2
8909,2
8910,2
8911,2
8912,2
8913,2
8914,2
8915,2
8916,2
8917,2
8919,2
8921,2
8923,2
8924,2
8925,2
8930,2
8931,1
8933,2
8934,2
8938,2
8940,2
8942,2
8943,2
8947,2
8951,2
8952,2
8953,2
8954,2
8955,2
8956,2
8958,2
8959,2
8960,2
8962,2
8963,2
8964,2
8966,2
8967,2
8968,2
8969,2
8971,2
8972,2
8977,2
8978,2
8979,2
8981,2
8982,2
8983,2
8985,2
8987,2
8989,2
8992,2
8993,2
8994,2
8995,2
8996,2
8997,2
8998,2
8999,1
9000,2
9001,2
9002,2
9003,2
9004,2
9005,2
9006,2
9007,2
9008,2
9010,2
9012,2
9013,2
9014,2
9015,2
9018,2
9019,2
9020,2
9021,2
9023,2
9025,1
9026,2
9027,1
9033,2
9034,2
9035,2
9036,2
9037,2
9040,2
9041,1
9042,2
9044,2
9045,2
9046,1
9047,2
9049,2
9052,2
9053,2
9054,2
9056,2
9057,2
9059,2
9060,2
9061,2
9063,2
9064,2
9065,2
9067,2
9068,2
9069,2
9070,2
9071,2
9072,2
9077,2
9078,2
9079,1
9080,2
9081,2
9083,2
9085,2
9088,2
9089,2
9093,2
9094,2
9095,2
9096,2
9097,2
9098,2
9100,2
9101,2
9105,2
9107,2
9108,2
9109,2
9112,2
9113,2
9114,2
9115,2
9116,2
9118,2
9119,2
9120,2
9121,2
9124,2
9125,2
9126,2
9127,2
9128,2
9130,2
9131,2
9133,2
9134,2
9135,2
9136,2
9138,2
9139,2
9140,2
9141,2
9142,2
9143,2
9144,2
9145,2
9146,2
9147,2
9148,2
9149,2
9150,2
9151,2
9154,2
9155,2
9158,2
9159,2
9160,2
9161,2
9162,2
9163,2
9165,1
9166,2
9167,2
9168,2
9170,1
9173,1
9174,2
9175,2
9176,2
9178,2
9179,2
9180,2
9181,2
9182,1
9184,2
9187,2
9188,2
9189,2
9190,2
9191,2
9192,2
9193,2
9194,2
9195,2
9196,2
9198,2
9199,2
9200,2
9201,2
9203,1
9204,2
9205,2
9206,2
9208,2
9209,2
9210,2
9213,2
9214,2
9215,2
9216,2
9220,2
9222,2
9223,2
9225,2
9226,2
9227,2
9229,2
9230,2
9231,2
9232,2
9233,1
9234,2
9235,2
9236,2
9238,2
9240,2
9243,2
9244,2
9246,2
9247,2
9248,2
9249,2
9253,2
9254,2
9255,2
9259,2
9260,2
9261,1
9262,2
9263,2
9264,2
9265,2
9267,2
9268,2
9269,2
9271,2
9273,2
9274,2
9275,2
9277,2
9278,2
9279,2
9280,2
9282,2
9283,2
9284,2
9285,2
9288,2
9289,2
9290,2
9292,2
9293,2
9295,2
9296,2
9298,2
9302,2
9304,2
9305,2
9306,2
9307,2
9308,2
9309,2
9311,2
9312,2
9314,2
9315,2
9323,2
9324,2
9325,2
9327,2
9329,2
9330,2
9331,2
9332,2
9333,2
9334,2
9336,2
9337,2
9338,2
9339,2
9341,2
9345,2
9346,2
9347,2
9348,2
9353,2
9357,2
9359,2
9360,2
9361,2
9362,2
9363,2
9364,2
9365,2
9366,2
9368,2
9369,2
9370,2
9371,1
9372,2
9373,2
9374,2
9375,2
9376,2
9377,2
9378,2
9379,1
9380,2
9381,2
9382,2
9384,2
9385,2
9386,2
9387,2
9388,2
9390,2
9392,2
9393,1
9394,2
9395,2
9396,2
9398,2
9399,2
9400,2
9401,2
9402,1
9403,2
9404,1
9405,2
9406,2
9407,2
9408,2
9410,2
9411,2
9412,2
9413,2
9416,2
9417,2
9418,2
9419,1
9420,2
9421,2
9422,2
9424,2
9425,2
9426,2
9428,2
9430,2
9431,2
9432,2
9434,2
9435,2
9436,2
9437,2
9438,2
9439,2
9440,2
9442,2
9443,2
9445,2
9446,2
9449,2
9450,2
9451,2
9452,2
9453,2
9454,2
9457,2
9458,2
9459,1
9460,2
9461,2
9462,2
9465,2
9466,2
9467,2
9468,2
9469,2
9471,2
9473,2
9474,2
9475,2
9476,1
9477,2
9479,2
9482,2
9483,2
9484,2
9485,2
9486,2
9487,2
9488,2
9489,2
9491,2
9492,1
9493,2
9494,2
9498,2
9500,2
9501,2
9502,2
9504,2
9507,2
9509,2
9511,2
9512,2
9513,2
9514,2
9515,2
9516,2
9517,2
9519,2
9520,2
9521,2
9522,2
9524,2
9525,2
9526,2
9527,2
9528,2
9530,2
9531,2
9532,2
9533,2
9534,2
9535,2
9536,2
9537,2
9539,1
9540,2
9541,2
9542,2
9545,2
9546,2
9548,2
9550,2
9553,2
9554,2
9559,2
9560,2
9562,2
9563,2
9566,2
9567,2
9568,2
9569,2
9570,2
9571,2
9572,2
9573,2
9574,2
9575,2
9579,2
9580,1
9581,2
9582,2
9583,2
9584,1
9585,1
9586,2
9587,2
9588,2
9589,2
9590,2
9591,2
9593,2
9595,2
9596,2
9597,2
9599,2
9600,2
9601,2
9602,2
9603,2
9606,2
9608,2
9609,2
9610,2
9611,2
9612,2
9613,2
9614,2
9615,2
9617,2
9619,2
9620,2
9623,2
9624,2
9625,2
9627,2
9628,1
9629,2
9630,2
9631,2
9632,2
9633,2
9634,2
9635,2
9637,2
9639,2
9641,2
9643,2
9648,2
9650,2
9651,2
9653,2
9654,2
9655,2
9657,2
9658,2
9661,2
9663,2
9665,2
9667,2
9668,2
9669,2
9670,2
9671,2
9673,2
9676,2
9677,2
9679,2
9680,2
9681,2
9682,2
9684,2
9686,2
9687,2
9689,2
9691,2
9692,2
9694,2
9695,2
9696,2
9697,2
9699,2
9700,2
9701,2
9702,2
9703,2
9705,2
9707,2
9709,2
9710,2
9711,2
9712,2
9713,2
9714,2
9715,2
9717,2
9718,2
9719,2
9720,2
9722,2
9723,2
9724,2
9726,2
9727,2
9729,2
9732,2
9733,2
9735,2
9736,2
9737,2
9739,2
9741,2
9745,2
9746,2
9747,2
9748,1
9749,2
9750,2
9751,2
9752,2
9753,2
9754,1
9756,2
9757,2
9759,2
9760,2
9761,2
9763,2
9765,2
9767,2
9771,2
9773,2
9774,1
9776,2
9777,2
9779,2
9780,1
9781,2
9782,2
9783,2
9784,2
9785,2
9786,2
9789,2
9790,2
9791,2
9793,2
9795,2
9796,2
9797,2
9799,2
9800,2
9803,2
9804,2
9807,2
9809,2
9810,2
9811,2
9812,2
9813,2
9814,2
9815,2
9818,2
9819,2
9821,2
9823,2
9824,2
9825,2
9829,2
9830,2
9831,2
9833,2
9834,2
9835,2
9838,2
9840,2
9842,2
9843,2
9845,2
9847,2
9848,2
9849,2
9850,2
9851,2
9852,2
9853,2
9855,2
9857,2
9859,2
9861,2
9862,2
9863,2
9864,2
9866,2
9867,2
9868,2
9869,2
9870,2
9872,2
9873,2
9875,2
9877,2
9878,2
9879,2
9882,2
9883,2
9884,2
9887,1
9889,2
9890,2
9893,2
9894,2
9895,2
9897,2
9898,2
9900,2
9906,2
9907,2
9908,2
9909,2
9911,2
9913,2
9914,2
9916,2
9917,2
9918,2
9919,2
9920,2
9921,2
9922,2
9923,2
9924,2
9925,2
9928,2
9929,2
9930,2
9932,1
9933,2
9937,2
9938,2
9941,2
9942,2
9943,2
9947,2
9949,2
9950,2
9951,2
9952,2
9953,2
9954,1
9956,2
9957,2
9962,2
9963,2
9965,2
9966,2
9967,2
9969,2
9970,2
9971,2
9972,2
9974,2
9976,2
9977,1
9978,2
9979,2
9981,2
9982,2
9983,2
9984,2
9985,2
9986,2
9988,2
9989,2
9990,1
9991,2
9995,1
9996,2
9997,2
9998,2
9999,2